,搜索词,浏览量(PV),访客数(UV),IP数,跳出率,平均访问时长
,总计,2493,1517,1519,82.55%, 00:03:23
1,碳导航,220,45,45,34.78%, 00:08:22
2,碳阻迹 lca,48,1,1,0%, 02:52:50
3,西藏生态环境厅,47,10,10,60%, 00:12:59
4,上海置信碳资产管理有限公司,44,33,33,87.88%, 00:01:43
5,国际自愿碳减排交易网站,33,1,1,0%, 01:31:35
6,碳圈公司,26,3,3,0%, 00:17:21
7,贵州捷碳,24,3,3,33.33%, 00:07:37
8,韩国KFQ,23,2,2,50%, 00:04:48
9,国际绿证,22,13,13,61.54%, 00:01:59
10,上海碳道信息科技有限公司,22,4,4,50%, 00:23:08
11,大唐碳资产有限公司,20,18,18,88.89%, 00:02:39
12,碳维基,19,5,5,20%, 00:10:59
13,中国多尺度排放清单模型,19,14,14,85.71%, 00:04:41
14,Sustainalytics,18,8,8,87.50%, 00:01:42
15,西藏自治区生态环境厅官网,16,16,16,100%, 00:02:36
16,中国自愿减排资源交易信息平台,16,4,4,0%, 00:01:54
17,西藏自治区生态环境厅,16,15,15,93.33%, 00:04:04
18,碳环境技术公司,15,1,1,0%, 00:19:44
19,ctc国检集团,15,14,14,92.86%, 00:01:26
21,碳网址导航,14,3,3,33.33%, 00:13:58
22,碳咨询,14,14,14,100%, 00:00:11
23,sustainalytics,12,6,6,50%, 00:06:24
24,MEIC清单,12,10,10,90%, 00:01:52
25,Sustainalytics database,12,1,1,0%, 00:38:50
26,碳视界,12,4,4,0%, 00:02:24
29,北京太铭基业投资咨询有限公司,12,7,8,75%, 00:01:55
30,上海置信碳资产有限公司,11,1,1,0%, 00:16:40
32,Trucost气候分析工具,11,1,1,0%, 00:25:40
33,民间非盈利自然保护网站,11,1,1,0%, 00:11:03
34,meic清单,11,9,9,77.78%, 00:02:03
35,site:navi.co2.press,10,7,7,85.71%, 00:02:21
36,上海盈碳环境能源科技有限公司,10,6,6,66.67%, 00:01:56
37,低碳亚洲,10,9,9,88.89%, 00:01:28
38,trucost,10,7,7,71.43%, 00:01:21
39,置信碳资产公司,10,2,2,50%, 00:01:43
40,ipe公众环境研究中心位置,10,1,1,0%, 00:29:59
41,碳圈导航,9,1,1,0%, 00:02:42
42,meic2016年排放清单,9,1,1,0%, 00:02:53
43,碳道,9,1,1,0%, 00:04:03
44,韩国碳交易所,9,2,2,50%, 00:19:26
45,中国资源减排交易信息平台,9,1,1,0%, 00:14:01
46,大唐碳资产,8,6,6,83.33%, 00:03:39
47,自愿减排平台,8,1,1,0%, 00:03:21
48,置信碳资产管理公司,8,8,8,100%, 00:00:54
49,CDMPipeline,8,3,3,66.67%, 00:08:45
51,MEIC排放清单,8,8,8,100%, 00:01:12
52,碳交易产业联盟,8,1,1,0%, 00:06:34
54,碳维基是什么网站,8,2,2,50%, 00:03:20
55,中国清洁发展机制网,8,5,5,80%, 00:01:13
56,太铭碳管理,7,7,7,100%, 00:00:59
57,国际绿证网站,7,5,5,80%, 00:08:53
58,环保桥 I-REC,7,2,2,50%, 00:20:41
59,国际气候组织官网,7,1,1,0%, 00:06:30
60,Multi-resolution Emission Inventory for China,7,6,6,83.33%, 00:01:29
61,ngo* 导航,7,1,1,0%, 00:23:48
62,重庆碳排放权交易中心地址,6,2,2,0%, 00:04:56
63,CCA 低碳亚洲,6,1,1,0%, 00:26:13
64,中国自愿减排交易信息平台,6,2,2,50%, 00:00:53
65,KFQ认证,6,5,5,80%, 00:02:56
66,碳资产经营管理有限公司,6,2,2,0%, 00:00:44
67,大唐碳资产有限公司工作,6,1,1,0%, 00:01:10
68,中国自愿减排信息交易平台官网,5,1,1,0%, 00:05:27
69,中国自愿减排信息交易平台,5,1,1,0%, 00:02:16
70,LCA碳排查询,5,2,2,50%, 00:15:11
71,Environmental Insights Explorer,5,4,4,75%, 00:00:40
72,CTC国检集团,5,5,5,100%, 00:01:43
73,Refinitiv碳研究,5,1,1,0%, 00:06:03
74,北京CEC中环联合公司碳核查,5,2,2,50%, 00:14:38
75,Trucost,5,5,5,100%, 00:02:40
76,广西碳道科技有限公司,5,3,3,66.67%, 00:02:32
77,西藏生态环境厅官网,5,4,4,75%, 00:02:14
78,IPE北京环境研究中心,5,1,1,0%, 00:05:10
80,site:press,5,1,1,0%, 00:03:31
81,meic排放清单,5,5,5,100%, 00:06:48
82,meic emission,5,5,5,100%, 00:03:19
83,公众环境研究中心(IPE),5,2,2,50%, 00:05:54
84,欧盟气候总司,4,4,4,100%, 00:01:34
85,深圳嘉德瑞碳资产股份,4,3,3,66.67%, 00:00:49
87,大唐集团碳资产管理,4,3,3,66.67%, 00:01:43
89,carbontips碳问答,4,3,3,66.67%, 00:02:40
90,meic源清单,4,2,3,66.67%, 00:00:59
91,MEIC inventory,4,4,4,100%, 00:01:11
93,中国多尺度大气污染物排放清单(MEIC),4,1,1,0%, 00:03:32
94,大唐碳资产管理有限公司,4,3,3,66.67%, 00:14:43
96,欧洲能源交易所(EEX),4,2,2,50%, 00:02:48
97,Vigeo Eiris,4,4,4,100%, 00:02:09
99,ICLEI 智联招聘,4,1,1,0%, 00:00:59
100,上海盈碳环境技术咨询有限公司,4,4,4,100%, 00:02:04
102,上海环保桥,4,2,2,0%, 00:03:09
103,匈牙利绿色债券,4,1,1,0%, 00:21:05
104,wri世界,4,1,1,0%, 00:01:55
105,置信碳资产管理有限公司,4,4,4,100%, 00:01:02
107,碳达峰 生态环境部环境与经济政策研究中心,4,1,1,0%, 00:06:58
108,内蒙裴大实,4,1,1,0%, 00:00:31
109,sustainalytics公司,4,2,2,50%, 00:03:12
110,联合国VCS网址,3,1,1,0%, 00:02:43
111,置信碳资产,3,3,3,100%, 00:01:21
112,ICAO-CORSIA,3,2,2,50%, 00:23:20
113,大唐碳资产公司,3,3,3,100%, 00:00:07
114,climate group,3,3,3,100%, 00:02:28
115,Sustainalytics评级,3,1,1,0%, 00:05:59
116,EEX能源交易所,3,1,1,0%, 00:02:13
117,carbon pricing dashboard,3,1,1,0%, 00:04:58
118,绿交所,3,1,1,0%, 00:05:48
119,中环cec,3,2,2,50%, 00:01:29
120,EDFNGO,3,2,2,50%, 00:01:12
121,ipe碳,3,1,1,0%, 00:00:24
122,vigeo eiris,3,3,3,100%, 00:00:49
123,欧盟气候行动总司,3,3,3,100%, 00:00:54
124,气候组织(the climate group),3,1,1,0%, 00:15:22
125,2020全球碳市场进展报告,3,1,1,0%, 00:24:12
126,公众环境研究中心 ipe,3,2,2,50%, 00:01:05
127,低碳亚洲有限公司,3,2,2,50%, 00:00:24
128,低碳 三维数据可视化,3,1,1,0%, 00:01:04
129,meic大气网格化清单数据,3,2,2,50%, 00:03:52
130,ICF 国际咨询公司,3,2,2,50%, 00:00:13
132,meic清单污染物单位,3,3,3,100%, 00:00:53
133,MEIC清单网格化,3,2,2,50%, 00:00:21
134,北京中创碳投科技有限公司,3,2,2,50%, 00:06:54
135,海置信碳资产管理有限公司,3,1,1,0%, 00:02:54
137,上海盈碳,3,2,2,50%, 00:05:52
138,世界自然保护联盟简称i uc n是世界上规模最大历史最悠久的全国性非盈利环保机,3,2,2,50%, 00:01:19
140,WRI 资源,3,1,1,0%, 00:13:32
141,北京盈碳,3,1,1,0%, 00:01:17
142,eex碳价格,3,1,1,0%, 00:01:22
144,国际碳行动伙伴组织,3,2,2,50%, 00:09:46
145,meic模式,3,2,2,50%, 00:01:16
147,大唐碳,3,1,1,0%, 00:00:42
149,韩国 KRX交易所,3,1,1,0%, 00:01:06
153,MEIC排放清单数据下载,3,1,1,0%, 00:00:50
154,unfccc是什么网站,3,2,2,50%, 00:12:23
155,山水自然保护中心与保护国际,3,1,1,0%, 00:00:41
156,中国国检集团,3,2,2,50%, 00:01:38
157,上海环境交易所 碳排放权 走势,3,1,1,0%, 00:01:11
159,西藏自治区生态环保厅,3,2,2,50%, 00:01:06
160,全球碳市场进展报告2020,3,2,2,50%, 00:01:08
161,欧洲 碳市场 报告,3,1,1,0%, 00:02:22
162,中国多尺度排放清单,3,2,2,50%, 00:12:49
163,meic清单中居民源包括什么,2,2,2,100%, 00:01:52
164,EEX欧洲客服,2,1,1,0%, 00:01:18
165,trucost公司中文,2,1,1,0%, 00:00:40
166,北京绿色交易所,2,2,2,100%, 00:01:01
167,欧盟委员会气候行动总司 european commission climate action,2,1,1,0%, 00:00:28
168,kfq认证,2,2,2,100%, 00:01:15
169,中国建材认证ctc官网,2,2,2,100%, 00:01:12
170,Trucost数据库,2,1,1,0%, 00:01:30
171,EU climate,2,2,2,100%, 00:01:09
174,环保桥(上海)环境技术有限公司官网,2,2,2,100%, 00:00:35
175,MEIC在线清单,2,2,2,100%, 00:06:05
176,sustainalytics是什么意思,2,2,2,100%, 00:02:00
178,广西壮族自治区环境宣传教育中心,2,1,1,0%, 00:39:27
179,国家发改委自愿减排网,2,1,1,0%, 00:02:34
180,meic mix清单,2,1,1,0%, 00:22:59
182,国际绿证irec 可口可乐,2,1,1,0%, 00:00:07
183,陕西省生态环境厅举报电话,2,1,1,0%, 00:00:29
184,国际绿证 开发流程,2,1,1,0%, 00:00:38
185,EEX欧洲碳市场介绍,2,1,1,0%, 00:00:22
187,"世界自然保护联盟,简称IUCN,是世界上规模最大、历史最悠久的全球性非营利环保",2,2,2,100%, 00:00:21
188,"世界自然保护联盟,简称IUCN,是世界上规模最大、历史最悠久的全球性非营利环保机构",2,2,2,100%, 00:00:08
189,MEIC 源排放清单,2,2,2,100%, 00:01:05
190,绿证 RECS,2,1,1,0%, 00:00:14
191,全球气候组织(the climategroup)中国,2,1,1,0%, 00:00:28
192,国际绿证 有哪些,2,2,2,100%, 00:02:00
193,国家资源减排信息平台,2,1,1,0%, 00:00:52
194,在北京注册的公众环境研究中心是哪个国家的公司,2,1,1,0%, 00:01:09
195,ipe公众环境研究中心,2,1,1,0%, 00:02:23
197,Local Governments for Sustainability 可持续发展,2,1,1,0%, 00:03:14
198,meic排放数据,2,2,2,100%, 00:09:30
199,星霖咨询,2,2,2,100%, 00:00:09
200,清华大学meic清单co2,2,1,2,100%, 00:02:00
201,碳资产管理有限公司 手机,2,1,1,0%, 00:08:36
202,sustainalytics 公司中文,2,1,1,0%, 00:06:26
203,icex洲际交易所,2,1,1,0%, 00:03:55
204,欧盟气候环境总司,2,1,2,100%, 00:02:00
205,国检ctc,2,2,2,100%, 00:00:02
206,欧洲能源交易所,2,2,2,100%, 00:01:03
207,国检集团,2,2,2,100%, 00:00:21
208,中国自愿减排信息平台,2,1,1,0%, 00:00:28
209,carbontips,2,1,1,0%, 00:01:45
210,西藏自治区生态环境厅电话,2,2,2,100%, 00:01:11
211,国际可再生能源证书(I-REC),2,1,1,0%, 00:07:06
213,gridstudio 源码,2,2,2,100%, 00:02:00
215,FYI. CDM pipeline | 碳导航,2,1,1,0%, 00:00:16
217,MEIC emission inventory,2,2,2,100%, 00:01:02
218,MEIC emission,2,2,2,100%, 00:01:08
219,Climate Group,2,2,2,100%, 00:02:36
220,上海置信碳资产管理,2,2,2,100%, 00:06:00
221,中国多尺度排放清单模型MEIC数据下载,2,2,2,100%, 00:02:00
222,碳道ideacarbon.cn,2,1,1,0%, 00:00:12
224,sustainalytics简介,2,2,2,100%, 00:01:14
225,广西壮族自治区应对气候变化中心,2,1,1,0%, 00:00:09
226,西藏 生态环境厅官网,2,1,1,0%, 00:06:20
227,中国建材认证中心CTC官网,2,1,1,0%, 00:01:28
228,西藏省生态环境厅,2,2,2,100%, 00:00:08
229,清华MEIC源清单,2,1,1,0%, 00:03:36
230,北京太铭基业投资咨询有限公司 官网,2,2,2,100%, 00:01:56
232,贵州恒远碳资产管理有限公司,2,2,2,100%, 00:15:04
233,Astrasum,2,1,1,0%, 00:07:26
234,meic排放清单是什么,2,1,1,0%, 00:00:28
235,中国清洁机制网,2,2,2,100%, 00:01:04
236,EEX欧洲能源交易所,2,2,2,100%, 00:00:08
237,导航站 碳,2,1,1,0%, 00:02:40
238,韩国krx交易所,2,2,2,100%, 00:01:12
239,太铭基业,2,2,2,100%, 00:01:03
240,绿石碳科技股份,2,2,2,100%, 00:01:26
241,ICAO CORSIA,2,2,2,100%, 00:00:37
243,MEIC 排放,2,1,1,0%, 00:17:32
244,meic 清单,2,2,2,100%, 00:00:11
245,碳排放导航系统,2,1,1,0%, 00:00:37
247,自愿碳减排项目数据库,2,1,1,0%, 00:00:23
248,国检集团有多少分公司,2,1,1,0%, 00:01:12
249,I-REC国际绿证 意义,2,1,1,0%, 00:26:11
253,自愿减排信息交易平台,2,1,1,0%, 00:00:28
254,四川环交所,2,1,1,0%, 00:00:41
255,Trucost 公司,2,1,1,0%, 00:02:06
256,上海置信碳资产,2,2,2,100%, 00:02:00
259,EEX exchange,1,1,1,100%, 00:00:06
260,ctc板材国检,1,1,1,100%, 00:02:00
261,CCA asia,1,1,1,100%, 00:02:00
266,Sustainalytics 协合新能源,1,1,1,100%, 00:02:00
267,国际绿证申请,1,1,1,100%, 00:02:00
269,UNFCCC 温室气体,1,1,1,100%, 00:02:00
270,EU CLIMATE,1,1,1,100%, 00:02:00
272,EDF 非盈利,1,1,1,100%, 00:02:00
273,英大集团 上海置信碳资产,1,1,1,100%, 00:02:00
274,sustainalytics问卷回复,1,1,1,100%, 00:02:00
276,eex导,1,1,1,100%, 00:02:00
277,中国多尺度排放清单MEIC,1,1,1,100%, 00:00:05
278,中国多分辨率排放清单(MEIC)排放,1,1,1,100%, 00:00:46
280,环保部环境发展中心 中环联合,1,1,1,100%, 00:00:09
282,refinitiv上有什么资料,1,1,1,100%, 00:04:13
287,IPE 碳数据,1,1,1,100%, 00:02:00
288,MEIC模型碳排放,1,1,1,100%, 00:00:06
290,太铭碳管理有限公司,1,1,1,100%, 00:02:00
293,I-rec,1,1,1,100%, 00:02:00
294,VCS program,1,1,1,100%, 00:02:00
296,MEIC2016 inventory,1,1,1,100%, 00:00:06
297,vcs 自愿碳标准 简介,1,1,1,100%, 00:00:13
299,上海和碳环境技术有限公司,1,1,1,100%, 00:04:07
302,上海置信碳资产管理有限公司合作伙伴,1,1,1,100%, 00:00:48
303,北京公众环境研究中心,1,1,1,100%, 00:00:08
306,". 世界自然保护联盟,简称IUCN,是世界上规模最大、历史最悠久的全球性非营利环",1,1,1,100%, 00:00:45
307,环保桥(上海)环境技术有限公司,1,1,1,100%, 00:02:00
308,亿科环境,1,1,1,100%, 00:02:00
312,内蒙古生态环境厅 联系电话,1,1,1,100%, 00:02:00
313,KFQ认证机构,1,1,1,100%, 00:00:29
314,深圳市嘉德瑞碳资产有限公司,1,1,1,100%, 00:00:21
315,挪威DNV-GL,1,1,1,100%, 00:02:00
316,ICLEI宜可城员工收入,1,1,1,100%, 00:04:47
317,汉能碳资产管理(北京)股份有限公司,1,1,1,100%, 00:00:19
319,上海置信 碳,1,1,1,100%, 00:00:04
321,sustainalytics荷兰,1,1,1,100%, 00:00:09
322,vcs碳减排价格,1,1,1,100%, 00:00:09
324,KRX韩国数字货币交易所,1,1,1,100%, 00:00:50
328,伊尔姆和BSI,1,1,1,100%, 00:02:00
329,gridstudio运行脚本找不到文件路径,1,1,1,100%, 00:02:00
332,SinoCarbon,1,1,1,100%, 00:00:06
333,meic清单网格排列,1,1,1,100%, 00:02:00
334,武汉 sustainalytics 第二方意见,1,1,1,100%, 00:00:19
335,meic清单数据,1,1,1,100%, 00:00:10
336,SUSTAINALYTICS,1,1,1,100%, 00:12:34
338,meic清单怎么排列的,1,1,1,100%, 00:02:00
341,"Korea Exchange,KRX",1,1,1,100%, 00:00:10
342,中碳联合认证CEC,1,1,1,100%, 00:09:26
343,CTC.国检集团,1,1,1,100%, 00:05:09
344,"世界自然保护联盟,简称IUCN,是世界上规模最大、历史最悠久的",1,1,1,100%, 00:00:27
345,meic排放清单数据下载,1,1,1,100%, 00:02:00
346,MEIC排放源清单,1,1,1,100%, 00:02:00
347,Sustainalytics介绍,1,1,1,100%, 00:03:48
349,ctc国检集团百科,1,1,1,100%, 00:00:56
353,湖北碳排放权交易中心官网,1,1,1,100%, 00:00:03
354,广东省应对气候变化研究中心,1,1,1,100%, 00:00:14
355,碳道(Ideacarbon),1,1,1,100%, 00:02:00
356,全球绿色计划 英文,1,1,1,100%, 00:02:00
357,ctc 碳,1,1,1,100%, 00:00:09
358,Climate组织,1,1,1,100%, 00:00:01
359,认为VOC排放清单MEIC,1,1,1,100%, 00:16:09
361,碳资产管理公司,1,1,1,100%, 00:02:00
362,KFQ韩国,1,1,1,100%, 00:06:23
363,国际绿证 价格,1,1,1,100%, 00:02:00
364,DNV-gL E,1,1,1,100%, 00:02:00
366,江苏省生态环境厅固废中心电话,1,1,1,100%, 00:02:00
369,工信部 绿色设计产品 查询,1,1,1,100%, 00:02:00
370,朝阳区生态环境局 碳,1,1,1,100%, 00:02:00
371,icao CORSIA 每吨二氧化碳,1,1,1,100%, 00:02:00
373,重庆市碳排放权交易中心地址,1,1,1,100%, 00:02:00
374,ctc国检,1,1,1,100%, 00:00:33
375,广西导航环保厅,1,1,1,100%, 00:00:05
376,西藏自治区生态环境厅位于,1,1,1,100%, 00:02:00
380,在北京公众环境研究中心(IPE),1,1,1,100%, 00:03:15
381,Sustainalytics下调风险分数,1,1,1,100%, 00:05:54
383,是不是一定需要ctc中国建材检测认证集团,1,1,1,100%, 00:00:28
384,meic 排放数据,1,1,1,100%, 00:02:00
385,ice洲际平台,1,1,1,100%, 00:02:00
386,国际绿证irec,1,1,1,100%, 00:00:04
388,北京太铭碳管理公司,1,1,1,100%, 00:00:16
389,贵州黑碳碳投低碳产业发展股份有限公司相关项目,1,1,1,100%, 00:02:00
390,Pipeline cdm,1,1,1,100%, 00:00:27
391,内蒙古生态环境厅碳,1,1,1,100%, 00:02:00
394,icao-corsia,1,1,1,100%, 00:02:00
396,中环碳综合,1,1,1,100%, 00:02:00
397,上海环保桥公司,1,1,1,100%, 00:05:25
398,ISO kfq认证标志,1,1,1,100%, 00:25:05
399,cec中环,1,1,1,100%, 00:12:32
400,北京太铭基业投资咨询有限公司官方网站,1,1,1,100%, 00:09:42
401,四川碳交易所在什么地方,1,1,1,100%, 00:00:51
403,WRI组织,1,1,1,100%, 00:00:40
405,中国建材检测集团股份有限公司西南公司,1,1,1,100%, 00:00:07
406,环保部环境认证中心(CEC),1,1,1,100%, 00:00:07
408,如何入选绿色设计产品标准清单,1,1,1,100%, 00:04:21
410,EU Climate Action,1,1,1,100%, 00:02:00
415,上海置信碳资产管理有限公司 网址,1,1,1,100%, 00:00:22
418,MEIC排放分类,1,1,1,100%, 00:00:04
419,ICF国际咨询公司薪资,1,1,1,100%, 00:00:06
420,定西市环境应急与事故调查中心,1,1,1,100%, 00:02:00
421,kfq韩国,1,1,1,100%, 00:00:06
422,北京Ipe,1,1,1,100%, 00:15:10
423,CEC 中环,1,1,1,100%, 00:00:12
424,meic清单世界时,1,1,1,100%, 00:02:00
433,DNVGL 船级符号,1,1,1,100%, 00:24:32
434,上海置信炭资产管理,1,1,1,100%, 00:02:00
435,Korean Foundation For Quality天津,1,1,1,100%, 00:02:00
436,MEIC排放源资料说明,1,1,1,100%, 00:02:00
437,四川碳排放 披露平台,1,1,1,100%, 00:00:19
438,gridstudio for语句,1,1,1,100%, 00:00:34
441,大唐碳资产管理公司,1,1,1,100%, 00:02:00
444,中建材CTC,1,1,1,100%, 00:02:00
445,贵州核碳股份,1,1,1,100%, 00:02:00
446,欧洲能源交易所EEX,1,1,1,100%, 00:02:00
449,南德导航,1,1,1,100%, 00:02:00
450,自愿减排信息,1,1,1,100%, 00:00:02
451,Trucost 环境数据,1,1,1,100%, 00:01:02
452,贵州黑碳碳投低碳产业发展股份有限公司,1,1,1,100%, 00:02:00
453,IREC 国际绿证,1,1,1,100%, 00:02:00
455,启信宝 ctc国检集团,1,1,1,100%, 00:00:09
456,MEIC大气污染,1,1,1,100%, 00:02:00
458,eex 交易所 地点,1,1,1,100%, 00:02:00
460,Climate group,1,1,1,100%, 00:05:19
462,EEX(欧洲能源交易所),1,1,1,100%, 00:00:05
463,国际民航组织 CORSIA,1,1,1,100%, 00:02:00
464,MEIC清华,1,1,1,100%, 00:00:02
465,icao corsia收费,1,1,1,100%, 00:02:34
466,"环境,社会及管制报告指引",1,1,1,100%, 00:00:09
467,eex 官网 碳交易,1,1,1,100%, 00:02:00
469,中建材CTC国检集团,1,1,1,100%, 00:05:53
471,cdmpipeline,1,1,1,100%, 00:02:00
472,大唐碳资产有限公司官网,1,1,1,100%, 00:05:27
476,太铭碳资产管理公司,1,1,1,100%, 00:00:02
477,世界自然保护联盟简称i uc n是世界上规模最大历史最悠久的全球非营业性环保机,1,1,1,100%, 00:02:00
478,大唐碳资产有限公司 法律顾问,1,1,1,100%, 00:15:15
479,国检集团ctc,1,1,1,100%, 00:02:00
480,icf 是什么咨询公司,1,1,1,100%, 00:02:00
481,ICAP 碳,1,1,1,100%, 00:00:14
483,Grid Studio,1,1,1,100%, 00:02:00
484,MEIC 清单 下载,1,1,1,100%, 00:10:00
486,上海置信 碳资产,1,1,1,100%, 00:26:05
487,世界资源研究所碳,1,1,1,100%, 00:02:00
488,eex.exchange,1,1,1,100%, 00:02:00
490,Grid studio,1,1,1,100%, 00:12:00
491,sustainalytics中国,1,1,1,100%, 00:00:52
493,海环境能源交易所,1,1,1,100%, 00:00:03
494,世界自然保护协会 WWF,1,1,1,100%, 00:02:46
495,上海置信碳资产管理有限公司 网站,1,1,1,100%, 00:02:24
496,Carbon Trust 碳核算工具,1,1,1,100%, 00:03:17
499,欧洲能源交易所 eex,1,1,1,100%, 00:02:00
500,底碳:贵州省生态,1,1,1,100%, 00:00:30
504,江苏省星霖碳工程咨询有限公司,1,1,1,100%, 00:02:00
505,碳维基账号注册,1,1,1,100%, 00:00:04
512,CTC国检,1,1,1,100%, 00:00:12
513,DNV GL挪威船级社,1,1,1,100%, 00:02:00
514,清华meic排放,1,1,1,100%, 00:02:00
515,大唐碳资产公司怎么样,1,1,1,100%, 00:00:34
518,the climate group 中国,1,1,1,100%, 00:00:04
519,集团碳资产有限公司,1,1,1,100%, 00:00:07
520,欧盟碳排放期货市场EEX ECX,1,1,1,100%, 00:06:17
522,I-REC,1,1,1,100%, 00:00:28
523,meic2016清单的发布时间,1,1,1,100%, 00:01:09
524,中国碳交易信息平台,1,1,1,100%, 00:00:18
525,内蒙古环境生态资源厅官网,1,1,1,100%, 00:02:00
526,mac Grid studio,1,1,1,100%, 00:02:00
527,The Climate Group,1,1,1,100%, 00:00:29
528,什么是 VCS 碳,1,1,1,100%, 00:00:11
529,中国国检集团官网,1,1,1,100%, 00:10:59
530,Ethifinance 中文,1,1,1,100%, 00:02:00
531,eex碳交易清算,1,1,1,100%, 00:00:19
533,碳阻迹(北京)科技有限公司,1,1,1,100%, 00:00:09
534,sustainalytics公司中文,1,1,1,100%, 00:01:34
535,重庆市碳排放交易中心地址,1,1,1,100%, 00:02:00
536,亿科LCA 教育部,1,1,1,100%, 00:00:04
537,国际绿证 申报,1,1,1,100%, 00:02:00
538,大唐发电 碳资产,1,1,1,100%, 00:02:00
540,联合国 碳序列号,1,1,1,100%, 00:02:00
541,重庆市全球环境基金,1,1,1,100%, 00:00:07
543,江苏省星霖碳工程咨询有限公司 绿债认证机构,1,1,1,100%, 00:10:50
544,香港低碳亚洲有限公司,1,1,1,100%, 00:16:35
545,四川省生态环境厅电子政务综合管理平台,1,1,1,100%, 00:00:08
546,sustainalytics公司简介,1,1,1,100%, 00:02:00
547,meic排放清单官网,1,1,1,100%, 00:02:18
548,天津排放权交易所机构怎么开户,1,1,1,100%, 00:00:15
549,在线 grid studio,1,1,1,100%, 00:11:24
552,碳阻迹碳市场信息查询,1,1,1,100%, 00:00:02
554,Korea offset credits program,1,1,1,100%, 00:00:43
556,清华排放清单MEIC数据,1,1,1,100%, 00:00:39
557,中国建材认证中心CTC官网查询,1,1,1,100%, 00:02:00
558,ctc认证,1,1,1,100%, 00:00:12
561,GREENHOUSE GAS PROTOCOL温室气体,1,1,1,100%, 00:04:27
562,CAAS中国农业,1,1,1,100%, 00:02:00
563,meic清单有面源和点源之分吗,1,1,1,100%, 00:00:16
565,ecx欧洲气候交易所,1,1,1,100%, 00:02:00
566,置信碳资产管理,1,1,1,100%, 00:00:07
567,vigeo eiris benelux,1,1,1,100%, 00:02:00
568,大唐碳资产公司 二级管理,1,1,1,100%, 00:00:09
570,碳排放权 太铭,1,1,1,100%, 00:02:00
571,ICF国际咨询咨询,1,1,1,100%, 00:00:13
572,环保桥(上海)环境技术有限公司碳配额,1,1,1,100%, 00:02:00
574,江苏星霖碳工程咨询有限公司,1,1,1,100%, 00:00:16
575,国际绿证 官网,1,1,1,100%, 00:02:00
581,置信碳资产管理公司官网,1,1,1,100%, 00:00:05
583,大唐碳资产交易有限公司,1,1,1,100%, 00:00:22
584,Multi-resolution Emission Inventory for China ( MEIC),1,1,1,100%, 00:02:00
585,清华大学meic清单 网址,1,1,1,100%, 00:06:16
588,太铭碳资产官网,1,1,1,100%, 00:05:26
591,"挪威海工领域的技术,dnvgl",1,1,1,100%, 00:02:00
593,清华大学中国多尺度排放清单模型(MEIC)官网,1,1,1,100%, 00:00:10
595,欧洲能源交易所eex,1,1,1,100%, 00:00:42
598,中建材ctc,1,1,1,100%, 00:00:58
599,亚华低碳科技有限公,1,1,1,100%, 00:02:00
601,深圳嘉德瑞碳资产股份有限公司 官网,1,1,1,100%, 00:00:20
604,碳系统验收 大唐碳资产有限公司,1,1,1,100%, 00:02:00
606,Sustainalytics计算b信号用于估值,1,1,1,100%, 00:02:00
607,挪威德国船级社 DNV GL,1,1,1,100%, 00:00:15
608,七类四级排放源 MEIC,1,1,1,100%, 00:00:08
611,卡本新能官网,1,1,1,100%, 00:00:03
614,大唐碳管理系统,1,1,1,100%, 00:03:45
615,排放源meic,1,1,1,100%, 00:00:03
616,"KAU,KCU,KOC",1,1,1,100%, 00:02:00
617,国家气候中心(NCC),1,1,1,100%, 00:00:02
619,中创碳投山东第一公司,1,1,1,100%, 00:02:00
620,中国自愿碳交易信息平台,1,1,1,100%, 00:02:00
622,大唐碳资产有限公司 碳资产管理平台,1,1,1,100%, 00:00:44
623,CAAS认证,1,1,1,100%, 00:02:00
624,北京太铭碳管理公司在行业中属于什么层次,1,1,1,100%, 00:02:36
625,中国多尺度排放清单模型(MEIC)下载,1,1,1,100%, 00:02:00
626,MEIC温室气体排放源解析,1,1,1,100%, 00:02:00
628,清华大学开发的MEIC 怎么进入,1,1,1,100%, 00:00:45
629,vertis china,1,1,1,100%, 00:01:18
630,CCA 低碳,1,1,1,100%, 00:00:09
631,中国国检 ctc,1,1,1,100%, 00:02:00
632,欧洲能源交易市场EEX,1,1,1,100%, 00:00:11
633,欧洲环境研究所,1,1,1,100%, 00:00:05
635,广西壮族自治区生态环境监测中心官网,1,1,1,100%, 00:00:05
637,大唐能源碳资产,1,1,1,100%, 00:21:14
638,MEIC清单物质单位,1,1,1,100%, 00:00:12
639,通过碳捕获、利用与封存实现工业变革,1,1,1,100%, 00:04:36
640,cca亚洲低碳,1,1,1,100%, 00:02:00
641,大唐碳资产有限公司公告,1,1,1,100%, 00:00:17
642,大唐碳资产管理业务,1,1,1,100%, 00:00:10
643,sustainalytics中文名,1,1,1,100%, 00:02:00
644,绿石碳科技股份有限公司 概况,1,1,1,100%, 00:01:46
647,timing carbon,1,1,1,100%, 00:02:00
648,韩国品质财团(KFQ),1,1,1,100%, 00:02:00
649,refinitiv point carbon,1,1,1,100%, 00:02:00
651,IPE(公众环境研究中心),1,1,1,100%, 00:07:45
652,Trucost、自然脱钩的引领者,1,1,1,100%, 00:02:00
653,广州绿石碳科技股份有限公司,1,1,1,100%, 00:00:12
654,国检集团ctc官网,1,1,1,100%, 00:02:00
657,MEIC CO2,1,1,1,100%, 00:00:28
658,国际咨询公司ICF,1,1,1,100%, 00:00:10
659,meic co2,1,1,1,100%, 00:02:00
660,MEIC 排放源,1,1,1,100%, 00:00:07
661,refinitiv china,1,1,1,100%, 00:00:08
662,环保认证CEC,1,1,1,100%, 00:00:10
663,MEIC数据,1,1,1,100%, 00:00:12
664,西藏自治区生态环境厅网站,1,1,1,100%, 00:02:00
666,环保桥环境科技公司,1,1,1,100%, 00:02:00
667,meic排放源介绍,1,1,1,100%, 00:00:25
668,MEIC 温室气体排放清单,1,1,1,100%, 00:01:49
669,Carbon Offsetting and Reduction Scheme for International Aviation,1,1,1,100%, 00:02:00
671,碳wiki,1,1,1,100%, 00:02:00
673,MEIC invertory,1,1,1,100%, 00:02:00
674,MEIC清单数据需要掏钱嘛,1,1,1,100%, 00:00:49
675,icf商业咨询公司,1,1,1,100%, 00:02:00
676,MEIC排放,1,1,1,100%, 00:00:07
677,洲际交易所,1,1,1,100%, 00:02:00
678,DNVGL船级符号,1,1,1,100%, 00:00:12
679,欧洲能源交易所网站,1,1,1,100%, 00:00:06
681,CCA低碳亚洲,1,1,1,100%, 00:02:00
682,大唐碳资产管理,1,1,1,100%, 00:01:05
683,四川省生态环境厅,1,1,1,100%, 00:02:00
684,亚华低碳,1,1,1,100%, 00:02:00
686,公众环境IPE,1,1,1,100%, 00:00:02
687,refinitiv官网,1,1,1,100%, 00:02:00
688,内蒙古自治区生态环境厅地址,1,1,1,100%, 00:00:15
692,挪威船级社的历史,1,1,1,100%, 00:02:00
696,meic清单是什么,1,1,1,100%, 00:02:00
697,棋牌代理赚钱，01cbg.com      ?1813545375,1,1,1,100%, 00:02:00
698,中国大唐碳资产有限公司,1,1,1,100%, 00:00:09
700,ICF国际咨询,1,1,1,100%, 00:03:47
701,meic清单交通行业,1,1,1,100%, 00:00:31
702,农业部CAAS,1,1,1,100%, 00:05:36
703,欧盟气候总司 网站,1,1,1,100%, 00:19:02
706,上海碳资产管理,1,1,1,100%, 00:02:00
707,中国多尺度排放清单模型(MEIC),1,1,1,100%, 00:00:59
708,韩国交易所KRX,1,1,1,100%, 00:00:07
709,环保桥(上海)有限公司,1,1,1,100%, 00:07:23
710,ds4g: environmental insights explorer,1,1,1,100%, 00:00:03
712,suez veolia,1,1,1,100%, 00:09:29
713,欧洲环境政策研究所,1,1,1,100%, 00:03:44
714,Refinitiv Technology China,1,1,1,100%, 00:14:45
715,中国应对气候变化战略研究中心,1,1,1,100%, 00:00:09
716,astrasum公司,1,1,1,100%, 00:02:00
717,甘肃省环境科技大厦,1,1,1,100%, 00:02:00
718,trucost的客户,1,1,1,100%, 00:02:00
719,污染源排放清单meic,1,1,1,100%, 00:05:37
720,icao CORSIA,1,1,1,100%, 00:02:00
721,广西壮族自治区生态环境厅,1,1,1,100%, 00:00:05
722,上海置信碳资产管理有限公司官网,1,1,1,100%, 00:02:00
725,韩国交易所 收入 韩元 krx,1,1,1,100%, 00:00:37
729,Trucost database,1,1,1,100%, 00:02:00
730,MEIC多尺度,1,1,1,100%, 00:15:53
731,中国自愿减排项目信息服务网,1,1,1,100%, 00:00:14
734,Sustainalytics分析,1,1,1,100%, 00:02:00
735,MEIC全国排放清单,1,1,1,100%, 00:00:28
736,萤火可持续发展辩论赛,1,1,1,100%, 00:02:00
739,ideacarbon 碳道,1,1,1,100%, 00:00:09
740,meic源排放清单,1,1,1,100%, 00:00:07
743,欧盟气候行动 climate action,1,1,1,100%, 00:00:33
745,重庆碳排放服务哪里有,1,1,1,100%, 00:02:00
746,中检集团CTC,1,1,1,100%, 00:02:00
747,绿证RECS,1,1,1,100%, 00:07:13
748,"39.世界自然保护联盟,简称 IUCN ,是世界上规模最大、历史最悠久的全球性非营",1,1,1,100%, 00:00:26
749,DNV GL碳,1,1,1,100%, 00:02:00
752,碳资产管理-中国水利电力物资集团有限公司,1,1,1,100%, 00:02:00
753,meic2010年排放源清单,1,1,1,100%, 00:02:00
754,myh2o地址,1,1,1,100%, 00:02:00
755,EEX EUA spot 2020,1,1,1,100%, 00:00:12
757,大唐碳资产有限公司 招聘,1,1,1,100%, 00:00:03
758,icf国际咨询公司简介,1,1,1,100%, 00:07:14
760,ctc中国国检,1,1,1,100%, 00:02:00
761,中国大唐集团公司碳资产管理办法,1,1,1,100%, 00:00:19
762,公共环境ipe,1,1,1,100%, 00:02:00
765,大唐碳资产经营有限公司,1,1,1,100%, 00:02:00
768,新疆维吾尔生态环境,1,1,1,100%, 00:00:49
771,上海置信碳资产管理有限公司部门职责,1,1,1,100%, 00:02:00
776,欧洲eex价格,1,1,1,100%, 00:00:10
777,ATP Final Rankings,1,1,1,100%, 00:02:00
778,meic排放源清单 2018,1,1,1,100%, 00:00:05
779,使用meic清单绘图,1,1,1,100%, 00:00:19
782,icf国际咨询,1,1,1,100%, 00:02:00
783,云南国检集团ctc,1,1,1,100%, 00:19:00
785,国际碳组织,1,1,1,100%, 00:02:17
786,美国icf咨询公司,1,1,1,100%, 00:00:07
787,refinitiv 中国,1,1,1,100%, 00:02:00
789,大唐碳资产管理(北京)有限公司,1,1,1,100%, 00:03:05
790,韩国交易所krx,1,1,1,100%, 00:00:15
791,清华 meic 清单,1,1,1,100%, 00:02:00
795,Multi-resolution Emission Inventory 清华大学,1,1,1,100%, 00:02:00
796,欧洲能源交易所怎么查价格,1,1,1,100%, 00:00:05
797,上海置信碳资产管理有限公司。,1,1,1,100%, 00:02:00
799,北京中创碳投科技有限公司 网页,1,1,1,100%, 00:00:58
800,中国建材认证中心,1,1,1,100%, 00:00:21
801,站长群发，flyall.xyz      ?1426729336,1,1,1,100%, 00:02:00
805,"TüV NORD呀,北德[奸笑]",1,1,1,100%, 00:02:00
809,meic中国带哦尺度道路移动源清单,1,1,1,100%, 00:02:00
811,2015年排放清单统计数据MEIC,1,1,1,100%, 00:00:25
817,全球环境基金GEF,1,1,1,100%, 00:00:12
819,KFQ认证体系,1,1,1,100%, 00:04:48
820,Refinitiv China,1,1,1,100%, 00:02:00
822,IPE 蔚蓝,1,1,1,100%, 00:09:51
825,cdm:CDM-home,1,1,1,100%, 00:00:16
826,unfccc签署国,1,1,1,100%, 00:02:00
827,RECS International,1,1,1,100%, 00:02:00
831,MEIC排放数据,1,1,1,100%, 00:00:44
833,大唐碳资产有限公司 电话,1,1,1,100%, 00:00:03
835,EU climate action,1,1,1,100%, 00:00:43
838,eex欧洲能源交易所官网,1,1,1,100%, 00:00:20
840,CORSIA 85个 试行阶段 加入的国家,1,1,1,100%, 00:07:41
841,中国多尺度排放清单模型MEIC,1,1,1,100%, 00:00:05
843,内蒙古生态环境厅 碳核查,1,1,1,100%, 00:00:37
847,商道纵横 四大,1,1,1,100%, 00:00:12
848,国际碳行动伙伴组织(ICAP),1,1,1,100%, 00:18:24
849,低碳亚洲cca,1,1,1,100%, 00:01:48
853,欧盟总司,1,1,1,100%, 00:02:00
854,meic清单范围,1,1,1,100%, 00:00:08
858,国家市场监督管理总局中国质量认证中心,1,1,1,100%, 00:00:04
859,kfq,1,1,1,100%, 00:02:00
860,lca碳排查询,1,1,1,100%, 00:02:00
863,碳圈上市公司 黑,1,1,1,100%, 00:01:13
865,MEIC中国多尺度排放清单模型,1,1,1,100%, 00:00:03
866,climate action 气候行动,1,1,1,100%, 00:02:00
867,inventory MEIC,1,1,1,100%, 00:02:00
870,目前有21个碳排放体系,1,1,1,100%, 00:00:15
871,Multi-resolution Emission Inventory for China v.1.0,1,1,1,100%, 00:01:45
872,icf国际咨询公司总部在哪里,1,1,1,100%, 00:00:23
874,中国建材国检集团,1,1,1,100%, 00:00:18
876,国检CTC,1,1,1,100%, 00:00:03
878,kfq 质量体系,1,1,1,100%, 00:11:53
882,大唐发电碳资产管理,1,1,1,100%, 00:28:39
885,多尺度排放清单MEIC,1,1,1,100%, 00:02:00
887,MEIC emission nc file projection,1,1,1,100%, 00:02:00
888,大唐集团碳资产管理公司,1,1,1,100%, 00:00:07
893,中国水利水电物资 碳资产公司,1,1,1,100%, 00:00:06
895,中国多尺度大气污染物排放清单,1,1,1,100%, 00:00:07
897,sustainalytics公司与惠普,1,1,1,100%, 00:00:21
898,kfq是哪个认证机构,1,1,1,100%, 00:02:00
899,MEIC排放清单处理模块,1,1,1,100%, 00:00:12
